"id","Full_Name"
"13","Dylan Cohen-Tanuggi"
"15","Marco Oesting"
"16","Anna Bonnet"
"23","Maude Delattre"
"24","Sébastien Raguideau"
"50","Marie Perrot-Dockès Perrot-Dockès"
"58","Priscilla Monfalet"
"62","Marie Perrot-Dockes"
"69","Pierrette Chagneau"
"73","Jacques Bernier"
"75","Sandra Silvia Negro"
"76","Timothée Tabouy"
"88","Laurent Orseau"
"90","Pierre Colin"
"91","Eva Budinska"
"92","Sandro Bimonte"
"95","Oumaima Alaoui Ismaili"
"96","Nicolas Desassis"
"103","Jean-Jacques Daudin"
"107","Mounia Zaouche"
"108","Marie Courbariaux"
"123","Michaël Zamo"
"127","François Guillamon"
"129","Claire Pascal"
"135","Nabli Asma"
"144","Mathieu Carmassi"
"147","L. Orseau"
"164","M.L. Martin-Magniette"
"168","Aurélien Bechler"
"174","Antonin Duroy"
"178","Marie-Laure Magniette"
"182","Tristan Mary"
"183","Benjamin Vittrant"
"191","Stéphane Robin"
"193","Natalie Commeau"
"212","Marie Perrot-Dockès"
"214","Laura Trinchera"
"259","Margaux Brégère"
"282","Stephane Robin"
"288","Natalie N. Commeau"
"293","Eleni-Ioanna Delatola"
"302","Jonas Hamiache"
"309","Steven S. Gazal"
"320","Thomas Mathieu"
"324","Guillem G. Rigaill"
"325","Jean-Jacques J.-J. Daudin"
"337","Pierre Lejeail"
"340","Laurent L. Orseau"
"342","Mathieu Bouyrie"
"356","Jean-Baptiste Denis"
"392","Steven Gazal"
"409","Asma Dachraoui"
"411","Estelle Doriot"
"422","Mathieu Thomas"
"466","Clémence Rigaux"
"469","Loïc Schwaller"
"477","Jean-Baptiste J.-B. Denis"
"520","Yann Vasseur"
"521","Sophie S. Ancelet"
"551","Benoit Hennuy"
"585","Loic Schwaller"
"599","Asma Asma"
"622","Caroline Berard"
"623","Aurore A. Philibert"
"656","Marie-Laure M.-L. Magniette"
"676","M.-P. Etienne"
"740","Baba Thiam"
"773","I. Rivals"
"782","Simiao Tian"
"2267","Stéphane Dervaux"
"3551","Thomas Hecht"
"7514","Juliette Dibie-Barthelemy"
"12278","Vincent Brault"
"12563","Joe Raad"
"14085","Nathalie Coqué"
"14258","Maud Delattre"
"14326","Liliana Ibanescu"
"14568","Sophie Donnet"
"14614","Jessica Tressou"
"15267","Liliane Bel"
"15285","Gabriel Lang"
"15286","Céline Lévy-Leduc"
"15296","Laure Sansonnet"
"15339","Marie-Pierre Etienne"
"15350","Julien Chiquet"
"15356","Julie Aubert"
"15469","Stephane S. Robin"
"15933","Isabelle Albert"
"16750","Pierre Barbillon"
"169859","Fabien Laporte"
"170781","Alice Cleynen"
"172675","Estelle Kuhn"
"174491","Stéphan Clémençon"
"174494","Sophie Caillon"
"175262","Caroline Bérard"
"176782","Audrey Hulot"
"177073","Mélanie Munch"
"178350","Franck Picard"
"181911","Pierre Gloaguen"
"181913","Martin-Magniette Marie-Laure"
"181935","Cristina Manfredotti"
"182139","Sarah Ouadah"
"182367","Éric É. Parent"
"182386","Antoine Cornuéjols"
"182401","Christine Martin"
"183070","Jean-Baptiste Lecomte"
"184388","Jérémie Sublime"
"735319","Paul Bastide"
"736270","Edith Gabriel"
"737234","Soazig Guyomarc'H"
"737312","Hervé Monod"
"737654","Guillem Rigaill"
"743045","David Makowski"
"743857","Alexis de Junet"
"744214","E. Lebarbier"
"745324","Meftah Sara"
"747963","Thomas Bourgeron"
"748170","Alain Celisse"
"748716","Tristan Mary-Huard"
"756595","Sébastien Li-Thiao-Té"
"848682","Richard Tomassone"
"898494","A. Salemkour"
"922447","Lydie Soler"
"933524","Sophie Ancelet"
"957303","A. Lavigne"
"958133","Antoine Channarond"
"958147","Sébastien Li-Thiao-Te"
"964445","Rim Touhami"
"969900","Aurélie Teissandier"
"969902","Frédéric Fer"
"970098","Ghazal Jaber"
"1009171","Souhil Chakar"
"1009321","Guillaume Damblin"
"1015573","Jordi Ferrer Savall"
"1024857","Xiaoqiang Wang"
"1031984","Anne Thébault"
"1043648","Eleni Ioanna Delatola"
"1064960","Sema Akkoyunlu"
"1081903","Jean-Benoist Leger"
"1106935","Pierre-Alexandre Murena"
"1143329","Stevenn Volant"
"1202708","Michel Koskas"
"1206724","Georgios Katsirelos"
"1328884","Aurore Lavigne"
"1342328","Christophe Ambroise"